{"cameraMode":{"drawMode":0,"name":"Shaded","section":"Shading Mode"},"sceneLighting":true,"audioPlay":false,"sceneViewState":{"showFog":true,"showMaterialUpdate":false,"showSkybox":true,"showFlares":true,"showImageEffects":true,"showParticleSystems":true},"in2DMode":false,"pivot":{"x":605.2106323242188,"y":230.76763916015626,"z":-28.325347900390626},"rotation":{"x":-0.186134934425354,"y":0.14443455636501313,"z":-0.0276742372661829,"w":-0.9714563488960266},"size":362.26837158203127,"orthographic":false}